cell_line,,,,,,,,,,,,,,,,,,,,,,,,,,,,,,,,,,,,,,,,,,,,,,,,,,,,,,,,,,,,,,,,
A673_BONE,43.45468278,-25.49483873,5.319657636,8.339006816,6.498065558,21.17887989,-18.54551306,24.96829169,26.14124769,13.09945568,-8.97736824,88.90847511,31.19158324,-20.2413659,8.618427475,-74.85702071,19.21942546,-4.861771031,1.861785752,-23.6226804,16.01971663,10.21235508,6.540993016,9.087246596,-3.830486501,10.38680489,-0.390448856,-4.567372401,-10.94131977,1.762331537,-0.825335719,-2.190607977,8.853896254,-0.504689484,3.107393026,7.430073681,-2.858603809,4.082303315,-4.984184059,-5.845163803,-7.899864418,0.617465323,2.919940412,15.37669121,-21.21975425,11.25153949,7.341548769,19.59027981,14.44359056,-11.40063955,-3.187267733,-10.55021975,3.949730421,2.566927324,5.305860094,2.579627844,-0.583990839,-1.569915482,-0.963204258,-1.994883437,-2.297842574,-5.379827444,4.052262616,5.847283776
L1236_HAEMATOPOIETIC_AND_LYMPHOID_TISSUE,30.81835955,50.12725565,-9.484284004,104.9375866,-82.07969304,-35.47676052,-2.679669905,19.46903901,4.462392922,-15.0495734,-10.66139884,2.487968284,-78.80169554,-36.87725078,-43.52621834,-19.93555356,7.374013326,-0.951603059,-3.959066129,-0.246097809,-9.588873719,9.931417423,3.742908104,1.173822324,-2.295550253,2.07025656,11.84630296,-10.99813908,-4.684275402,-6.532382009,-3.427861876,-3.554669522,-4.455765656,0.702914068,0.231987141,-3.21546779,1.446332673,-0.623682663,2.326700692,-2.624402186,2.140237032,-1.269983477,-2.546429808,-1.090451896,0.597674699,-1.777398744,0.836394188,-0.467571557,0.332243155,0.022114644,-0.387265462,0.351642635,-1.151900522,-1.495698405,0.298668185,-1.58732544,0.737593853,0.803111899,0.125322671,-0.191804417,-0.511095143,-0.199046117,1.412740782,-0.954505466
TC71_BONE,12.17989745,-17.85530667,-0.802455161,5.686443251,-5.509773016,22.61074306,-19.73927486,-5.619468689,14.72379336,-1.205700469,5.643070155,43.12868092,13.49784311,-10.39370158,-1.990581597,-13.0316087,-4.632786952,-0.360843328,0.301251557,-2.562191571,2.956028561,-3.937343258,-4.012353498,-2.434213598,-4.163957563,-0.968721756,1.677497432,3.430741696,6.075217387,5.492159852,-3.534180805,-1.59710143,-4.802847694,0.495208494,1.294107098,-8.140016524,5.622538549,-5.162982372,4.737678727,5.760169651,10.03360356,-9.128225915,0.911325297,-11.35397784,17.11751449,-5.901378576,-13.6718501,-16.87302596,-12.12069111,6.28411787,11.47861151,19.65631847,-13.86504133,3.548646971,-18.11629945,-38.82275707,-17.86339917,0.760679114,-17.0499999,23.310561,9.389910939,13.02576411,-31.31241249,-23.542059
T98G_CENTRAL_NERVOUS_SYSTEM,-17.00333146,-4.047104387,15.80509745,2.559793347,4.616852627,-7.359313857,3.650880637,10.9468068,-2.952689883,8.964885538,-2.933755423,-0.941177891,2.575101067,4.659782086,-3.391449739,-2.680323984,7.493962699,0.527986514,-3.535225175,-5.261404954,-3.15072677,-5.153657582,0.277660172,-7.159786427,0.111058154,-3.596401081,-2.580620257,6.259465045,11.77885174,-0.26020656,-5.861347374,-1.228480871,-5.002591442,-0.293727037,3.969805224,2.438228478,-0.783685114,0.101455524,-1.109780371,4.280566927,-3.136638523,2.404363497,-7.847817848,-1.36959556,-4.243924415,-2.357990788,5.676453424,-7.318235077,9.553324198,7.352843969,-8.086598159,1.529905888,-0.990523402,11.21431676,0.996108299,7.791955503,-1.199015588,-8.256029681,-18.45974068,-2.298040519,-5.219961381,-8.228186143,3.541682337,6.885341293
HL60_HAEMATOPOIETIC_AND_LYMPHOID_TISSUE,-20.40227327,14.23069539,-21.18611404,10.3615235,0.536085182,23.94007686,-14.01161357,-14.31817618,2.302188156,-1.977666256,23.98249327,10.91895225,12.33541638,-14.60615573,-9.921912832,12.39503057,7.364658415,4.319189969,16.55358006,21.92145554,-1.136590337,-20.86402022,-33.94208533,-8.101047473,16.14436711,27.79755054,48.77876628,53.26456388,20.63653756,-37.20268224,24.0619256,-40.78082701,-2.916681779,0.945361542,-1.602721543,-5.301005936,-6.171598318,-8.3271529,-6.285427467,-6.439232459,5.44394099,-1.373265664,-4.279274016,-6.686567903,-11.69183162,14.74422112,9.004650255,2.352654857,-2.720742996,-6.578512602,-0.728192935,-4.072853661,-4.262209816,1.415292524,8.362870402,2.56386661,4.104376288,-0.853411389,3.358789364,0.387312348,-2.637684254,3.552247444,-0.552636876,1.869706107
SR786_HAEMATOPOIETIC_AND_LYMPHOID_TISSUE,120.5547114,170.9868279,68.98607501,-52.24825333,43.69592917,17.58154829,-8.194289206,1.954576572,-25.17160511,-8.353097529,9.239518937,21.56485646,-14.76309393,-4.162388477,-4.58182428,8.862464801,1.651090614,-3.419346967,-2.200628633,4.254949408,7.187477835,-1.408407565,-0.895193546,-2.700699911,4.037009792,-2.100498877,3.753400249,-4.215974234,0.998426115,4.887843548,-2.046703161,0.648919335,1.752382983,1.027261451,0.092624293,-0.930752734,-1.982975332,2.298591798,2.730126121,3.768245971,-0.821492568,-0.516767587,-1.102340315,-2.921548526,-0.097654035,-0.73181025,-0.699068266,-1.577007427,0.986682038,1.324176895,-0.819699815,0.435427557,-0.253545318,-0.9650454,0.265918315,-0.064672911,-2.895021786,0.674015697,-0.751289752,-0.847421321,0.651563762,-0.707670505,0.380191691,-0.412886102
HT29_LARGE_INTESTINE,-42.2865972,12.07337697,-26.3417084,-5.132838481,2.198779662,6.535355623,-8.920751359,-1.115042785,6.056902705,-7.144613538,7.863957403,0.612869804,-2.016953615,9.047870696,-2.461012415,1.721219664,5.949127262,-7.672282808,-3.503880027,0.582485563,9.031922021,6.876007558,0.499816153,-2.343632692,4.724177971,-4.590129153,1.659699396,-3.83880828,4.818644784,-3.523777859,1.598549909,-0.053954678,-4.173298329,0.822646958,-6.447211878,-1.102837577,2.835462816,2.697957201,3.104283302,1.645051501,-1.492545025,-5.256793109,-7.025667122,6.71639511,-2.314381562,0.513335688,2.203039065,-6.771746609,2.465617609,-1.263888745,-10.46095816,11.25239137,-0.95403379,-7.637494975,-8.848341627,3.204061388,-7.02057269,-1.051561073,-0.483954457,2.125901605,2.384152076,-11.54935802,6.351981718,3.68816711
SW620_LARGE_INTESTINE,8.267303235,-3.977970404,-23.27552342,-0.116764219,1.526987934,0.211718671,-11.94016219,-16.93868055,5.31547533,-8.4519831,9.793282982,2.120177245,-1.63189144,3.024906404,5.272545247,6.860739082,4.672697542,-3.528759456,-9.733192235,-6.137379759,7.638417288,2.123845564,-2.035659525,-5.021128599,-8.600621254,-15.92203475,-2.985035163,-12.10737887,36.98159603,-10.82147373,-3.469611706,-16.36325572,-5.478336806,-7.699417302,-33.78048597,-8.776138271,1.751776979,56.37567555,48.86246663,-20.97187095,-32.96635556,-14.70439741,3.851432042,21.33112214,13.51213747,4.276562683,-1.434516548,-5.489796087,-0.912734967,-4.121380984,-5.775432373,-5.439955644,1.1576751,9.652891534,6.808311521,1.671105035,2.56146939,3.537252125,-2.557726983,-0.166730569,-4.276254671,1.806828924,2.280138813,-4.920238016
NCIH460_LUNG,15.21799094,-14.02371177,1.77616785,-5.491601165,-8.956365567,8.424335936,-20.11001329,-25.68234229,-5.126091373,-12.01384303,-2.025806066,3.008141769,-1.392338799,-9.925615469,-6.614657007,12.56434046,-23.23245332,-10.55741407,15.48491467,-29.80882423,-24.35693539,-23.61289913,11.5710143,0.002671942,-24.10674917,-2.953419821,-13.40381034,2.535603532,12.24248122,17.41842286,-15.75049249,-18.2566546,-16.28085344,-21.51222875,46.89027947,-0.797555317,11.54248039,-2.115526044,6.747268921,10.45192661,-5.467395858,-20.03168112,-30.67753768,-6.604935557,-6.882791124,20.87445248,-12.61798302,-0.033287867,-17.17619171,-12.04929549,13.41188908,-15.04476694,1.594101357,-1.685569353,15.78658171,11.00393038,-14.05144338,7.335959995,1.263136475,7.650220312,10.59864752,-11.817283,7.487433336,2.919793319
L428_HAEMATOPOIETIC_AND_LYMPHOID_TISSUE,-11.05113851,20.63245835,-7.060049966,39.51428588,-26.24840147,-0.882476237,-21.4525167,-0.105031404,0.454138016,-9.832934736,18.00570796,10.15412427,8.044687561,-0.034567117,-3.913770435,14.22860052,-15.31539137,6.938336684,-2.990851753,13.73852454,30.44589992,-16.4444994,-2.849191516,2.40236156,21.6582788,-14.94021495,-46.37620005,54.94879771,26.08794815,54.96891019,12.68517546,23.63816996,18.80502016,-24.40960528,-6.110160538,12.20529165,-6.713065918,-7.223186042,-0.925590902,-8.418993733,-3.756397663,7.957901189,8.524978295,4.99737404,-5.761243347,0.529541955,-2.932131943,3.756666993,6.822343065,0.065198273,0.028523248,-1.22579651,1.653797752,2.267964125,-0.060968936,1.985907411,2.663165789,1.443986906,5.256013023,0.458973999,-0.997211023,2.439559935,-1.256935892,2.503681397
HS578T_BREAST,-42.32834434,-1.241290241,23.35972686,1.862313285,13.0045115,-7.373890702,7.05699315,17.14073755,-4.516479895,12.6162856,9.875855867,-7.634659943,1.708812337,5.605527983,-8.821578931,-5.050122129,6.175446387,12.16967942,-16.47208724,2.974102325,9.296757213,10.01988752,-15.37628156,-9.379351891,15.32018475,-6.850942506,-0.582927142,-1.940416632,-3.282495851,-1.680178856,-16.16448603,10.70167477,0.005484078,10.00449473,12.14008493,-9.903808814,-3.846201477,-11.58245016,-1.641591378,0.982372658,-4.520563914,-14.25930898,-23.67797113,11.87521132,-19.28067967,-6.63198447,4.642554373,-23.32975184,-0.319222455,-16.05949335,-14.3438039,-4.727387671,-5.422948443,24.65721442,-1.983853017,-19.7710301,-3.795287556,45.26446465,13.26756028,-2.646060668,-25.82875759,-16.93231374,2.700447268,-9.047912735
HCT116_LARGE_INTESTINE,2.549988438,-4.197419749,-2.439966541,-15.57266865,-13.98990107,4.072321909,-20.17367789,-24.38015754,5.28147182,-12.38679227,10.19006602,0.426146726,-2.812590902,11.29423562,-4.505228274,2.98511426,-12.62860665,-6.871863748,-7.550787773,-8.466118526,-3.829370126,14.26053055,1.086091239,-2.633154081,1.001648487,-0.411927064,0.992741343,-1.932093785,8.066824252,-3.965790685,-6.349011627,9.136575383,-12.63824846,7.730740281,-12.27165899,-12.38538826,5.2690876,1.308466432,-9.410143643,-16.90976613,21.57090205,-5.62192521,7.594741116,-10.74209963,-11.38467806,-7.892431857,-8.029370085,26.19761124,-1.111234605,13.31790333,9.647651083,-15.25703112,12.58547913,11.35921498,-16.20507659,-17.90516052,10.40063432,1.971118164,14.13120746,-3.767410815,-4.131956889,-12.55259788,0.587017316,8.612996382
A549_LUNG,-16.43094003,-1.665726044,12.09106144,-13.41435115,-7.395254994,-5.44401515,-15.6138737,-18.70309809,0.357046672,-1.730587729,-2.258773184,1.093340829,-10.06149021,13.42116715,-3.732093421,4.319515063,-13.43198549,-8.132640031,11.12620908,-20.25231557,-5.628779899,6.327438697,4.330624227,7.789636357,-14.18729791,3.351009172,-0.305016156,3.040670328,4.399388015,-5.353115033,-4.6464361,9.918226915,-1.946893831,-3.604478356,3.794811515,4.054642759,4.827951318,-11.14911325,4.365896118,-14.36153788,8.94562755,-5.054753782,-10.64534589,-0.622116778,-5.768745378,-4.926988987,7.025768863,0.580154105,1.09475826,4.935935673,0.32632363,-3.218223416,-11.20689453,-2.806261106,1.895650248,-5.413814223,3.511423202,4.614080741,16.84282157,2.53657155,9.247941975,3.252279218,-3.525494168,11.04957433
DU145_PROSTATE,-58.48776076,13.69538547,-11.61809148,3.694008085,7.980190616,5.05740897,-9.501389448,0.570291737,2.621884274,-1.298241889,2.331114304,8.040590729,-0.859025136,10.73190882,-8.762006969,7.233324228,-2.86231174,2.560595621,0.741048402,1.617399477,10.84315435,4.04577188,-1.69832695,2.681097544,5.489834433,3.234402186,1.098133914,-5.486792559,-1.508231072,-1.597232165,-0.210020269,2.468020627,-1.123604012,3.394847454,-0.06549593,-5.287546019,0.763410263,-3.178018874,-0.037014871,1.933792836,1.554906662,-4.041978109,-2.273347419,7.950578605,-5.516525458,-2.455587065,-1.342535379,-1.420008514,-2.441464227,2.346298596,-1.831013775,5.934391318,0.396713055,-10.81815308,2.527310797,-1.194639547,-8.223084787,6.733079834,-2.277489913,-6.083707433,7.10062204,-2.972891921,5.785082937,-1.095278108
K562_HAEMATOPOIETIC_AND_LYMPHOID_TISSUE,41.41838333,32.46646685,-19.0166599,21.54414041,3.608570199,30.47773307,47.83171139,-67.0336321,78.02596631,105.8674724,-16.05988164,-31.1958418,12.99881529,-12.71766604,-20.3796267,-2.436694312,-19.15499257,-13.91471263,-0.106091866,6.082792705,10.68689782,7.070959437,-1.63299215,3.213793547,0.499974578,0.396169087,-6.436488827,4.392222822,-5.835248116,2.318507235,-8.715181408,1.511406977,-0.148999361,3.482873537,-1.233215935,1.712067246,-0.889367116,1.973711592,3.373112326,4.249835773,1.34282781,-1.484035009,-2.405813473,1.254154528,-1.559185868,0.945368426,0.986824144,1.403532308,-0.590336075,-0.892984319,0.766602584,1.091711944,-0.090779776,-1.514224537,-0.876418639,0.901255228,-0.349775029,-0.078372718,-1.505071272,-1.214662225,0.412129697,-0.901934689,1.402840846,0.30685586
LOXIMVI_SKIN,-10.76371621,-1.274417653,18.01723914,2.327128189,2.565305174,10.54650848,-9.938517236,-10.01360816,-4.479024777,-0.573870028,8.749742873,-3.489663872,0.497468278,3.481948855,-12.22993904,3.302558871,-5.238158733,8.073559997,-2.292903937,-5.048956771,13.55235684,-20.49080393,4.149362294,9.227917494,-5.923428234,-7.086275664,-1.276835299,-18.19989631,-4.05971826,-6.898782457,-8.999167648,2.360909043,0.590274177,-3.005814873,-2.809825236,8.015041537,-4.519775472,-20.49482159,-18.82865525,-29.97894336,18.3170455,1.491378297,-6.611199014,25.52860751,46.03477088,35.87701895,27.42573052,-11.34906312,4.198940123,-27.32893046,2.89080759,4.932651594,7.165733004,15.289247,-11.72055762,-4.24026725,18.7651891,-11.71804965,4.865117812,-4.416251696,17.00189255,-2.580465446,8.978413883,-3.06501786
RPMI8226_HAEMATOPOIETIC_AND_LYMPHOID_TISSUE,-9.646746497,15.61252484,-21.91924227,30.39825328,2.009055338,16.51152127,2.210580694,-6.840314301,-3.189110921,8.674475211,7.792752849,21.7826409,33.75487032,-35.14160555,3.405732399,84.67800358,79.01480162,30.06977533,7.682945202,-32.1355797,-29.26643794,30.58125547,0.925821573,9.466941043,-11.09154907,3.123208007,-9.143953621,-1.16508197,-13.31453713,3.236905787,-9.18643206,11.84553843,1.193769791,1.602633543,-0.478975564,2.414075782,-3.505814061,-0.390270142,-3.135199441,-4.054063643,-1.889788295,5.249028145,3.675005246,-2.386495773,0.761861486,-1.075516748,1.386792806,1.775929833,0.499624458,-0.926036656,0.778992522,-1.569020273,1.373903179,0.745902565,1.563593841,-0.960311704,2.261292355,0.984183601,-0.355018961,-0.318476769,0.55430948,-0.319965562,-1.338434624,-0.499819769
SF539_CENTRAL_NERVOUS_SYSTEM,12.50799979,-16.71020791,41.79517875,1.017203873,13.3996273,-21.13131037,4.265300771,25.36782609,-17.48026152,20.97947174,-7.742228686,-14.31862283,5.896467771,-16.40176135,7.70419827,-13.4089454,12.50065823,2.497022814,-10.45567626,2.212574169,-16.57826508,12.8289645,-8.753067238,-24.48854831,19.8335679,-2.687897456,-14.72219997,35.32329103,-13.31764605,-1.496400015,-13.62481284,-23.49780094,-16.53983635,1.210905176,11.57956424,8.044218611,36.62973935,-3.761871985,24.77431237,-13.2620732,28.73430952,0.780623787,21.54670934,28.73268682,17.74259934,-2.385621059,-1.078216501,0.194931691,-12.4674802,3.152382057,3.379159143,-3.487573799,14.53130858,-22.98308427,-7.613939507,7.047512294,-7.738841754,-2.112083314,-2.32305692,1.785063634,-12.04732881,-16.73394142,-4.034371115,-1.866914716
U251MG_CENTRAL_NERVOUS_SYSTEM,-15.67238203,0.683831052,11.63032655,-3.642911186,5.405632032,-12.87420887,20.02408814,13.8537995,1.971730899,4.893963041,-3.632068793,-1.305588126,-1.239349135,18.11895462,-8.013470099,-14.0057144,10.83212826,-2.038028053,-11.8053229,-10.43150516,-9.571237182,-1.382326755,-6.586928271,-14.46728945,-0.935209179,5.411179015,-3.192078235,9.725377245,19.42622177,2.440864799,-12.22209231,10.66026712,-30.00374645,10.48077653,-7.62032176,-15.02431289,-14.05823026,6.277118624,-15.90845687,1.024557332,-30.64522684,55.45788037,-17.63714376,-10.25209683,16.19195689,36.46660649,-7.278305896,16.29268738,0.677139207,9.646812409,17.20948721,10.66042716,-11.57252672,-20.2111475,-5.545606306,-6.338082367,-4.068906884,10.17810631,2.432513557,-1.070045896,-9.680611737,-9.742200974,-1.124100131,1.981842333
KM12_LARGE_INTESTINE,34.42248444,6.836373082,-49.51000575,-14.85784979,5.325590644,31.50382218,-19.22962529,-3.36908111,3.989344043,-21.93229041,35.49533264,-46.73684662,11.44088134,-18.01393077,-2.680738686,-39.68085572,27.001135,-0.59177311,-14.02499195,12.72446461,-10.44875045,-13.89877217,21.55600659,4.850746512,-7.409915266,12.53562224,-0.039431922,17.13974858,-34.85879664,-8.365279539,22.3315369,45.57280088,-19.41307365,-24.6680563,-5.791179168,-31.17565389,31.1425754,-2.298136376,0.781059799,-0.434474506,-14.11115401,-3.990417268,-1.690030656,-2.346427398,4.046691445,-0.946450637,7.24406999,-9.139214075,0.567493523,-1.390713965,-1.464820477,0.08543801,-2.66322999,1.439445039,2.672031419,4.023724269,-3.452730246,-0.539261362,2.707284438,5.321829568,1.109971726,-3.039471074,3.93811331,0.137284075
MALME3M_SKIN,-26.30865187,5.698966012,18.29223076,9.841106416,3.741658385,3.071150993,39.64538377,-0.591828544,1.561235193,-19.29373978,4.44336097,10.28892808,-0.782419863,5.71286075,8.873789268,2.966638064,-9.921152718,-8.776483736,-1.576273803,11.2042855,6.392541824,11.20429745,19.19227437,-14.13678582,-17.27401293,11.24609225,6.318079281,4.227876465,-6.666356333,2.960336839,4.301596795,1.692241342,-0.057272786,-4.083206132,-5.852964935,-2.429752906,-3.522079606,-1.695074964,-1.957717307,-1.125571643,-12.1147415,-6.265810228,4.812010928,6.962795197,-11.51984414,-15.74795994,5.280050478,3.208070616,-19.11872873,-7.941186492,31.34812273,12.96938865,-2.451842048,12.0022669,3.683075956,20.6314315,36.95720341,6.606569495,-13.4515493,-8.808882959,11.68999328,-32.82578473,-32.99350859,1.191445104
MDAMB231_BREAST,-32.13734627,1.457696787,8.404924444,-1.563781975,1.632975935,-1.970999258,-9.551679869,0.334122642,-3.317682232,4.84797315,6.410468863,0.053576886,1.191585383,1.713953777,-8.230208517,1.887768337,-2.03368718,3.578738447,-4.722703829,4.144878294,6.583590913,0.656851688,-1.206282542,-0.127198552,0.61451702,-0.339829018,-1.879498254,-4.864604216,1.512696181,0.335780324,-2.042680598,-0.076543109,-1.580092318,1.139194961,-4.322245526,-9.343559145,-2.3018433,3.884869351,-6.449294332,2.408070709,3.80656152,-1.7815068,-1.467687315,-2.41035143,-9.071185229,-2.885566914,5.296338241,2.580075852,4.241242883,-4.635646052,3.260790915,5.872283792,9.134712574,0.998326362,0.371858036,6.073552579,-3.939470436,3.611272033,-6.124751668,0.704956473,2.661939316,3.23373086,-0.915396442,5.294925103
UO31_KIDNEY,-45.1618262,6.380002882,5.146934874,-0.571222116,8.413721124,1.420546228,-5.15616856,4.305950961,-6.620566647,7.019852822,6.192661049,-5.757466967,-2.990591178,11.35643938,-10.38879147,-3.27387435,-0.437851041,8.883332024,-0.219243863,1.05724067,11.11406781,1.751780668,1.009560671,6.380633548,6.384420161,3.546940566,9.34025884,-6.820855327,-8.508271448,2.354066522,-6.778462214,4.631252995,-0.949650084,-0.669556268,-11.13758892,10.72047087,-3.654555989,0.265400395,1.940352749,-9.308892946,-6.500596216,4.268643216,-1.239554606,6.052954695,-12.51802378,-7.130977389,-2.521621608,0.837178131,-10.35866218,-4.104962872,9.221704137,-5.72396632,-2.708970076,-5.189290928,-2.217458193,1.822303119,-14.11307082,-1.007566374,14.46326179,2.72650847,13.11111468,9.093416628,2.664432701,-40.47319276
NCIH2122_LUNG,-28.75492463,14.53719248,-18.50091549,-10.99065744,3.137934383,-3.491238051,-10.15067924,-5.011526642,-0.1983673,1.536379309,-1.19664914,-0.760330752,-4.419757003,1.447050737,-3.341928463,6.488950624,0.428700388,-19.01758419,10.54601825,-14.02930437,-2.909482116,-6.905821135,16.64001571,1.677341587,-4.630487266,6.758295021,1.119967284,-2.879764161,6.893663781,6.124689383,7.0799918,-7.366439671,-10.60619534,-9.929226612,20.31726186,-14.62319703,1.253088707,0.856991609,-17.986015,11.90180224,-6.421341719,-10.70444241,-17.67899531,38.49375328,-3.644763396,-6.87896269,-10.82178108,3.100585556,13.77088318,2.997887856,-21.53929325,16.7728736,19.75125472,-27.67765986,-14.60291396,-6.504309206,23.82142599,-9.906961221,0.867216614,-22.06855578,-19.3956153,24.16561053,-23.5343064,-8.810595719
SF268_CENTRAL_NERVOUS_SYSTEM,-4.943581102,-30.6419747,30.5261917,8.64469293,4.510807201,-5.547804299,-10.7192703,13.88838515,-23.73493036,23.87601796,2.845407221,2.752610342,7.061078758,-23.76965304,-5.458193986,8.862800317,-7.890851851,6.576661727,-1.835548524,30.67921605,7.305103052,-11.79437297,-0.039631837,5.515291439,-3.167185355,-7.683031541,3.327469362,-2.674428535,-3.112252799,5.168638946,-15.8064343,-2.748515839,8.808363487,3.826882939,14.30341149,-23.23406714,-6.458578501,7.833613283,11.2729599,17.17025497,-29.42089685,1.742680731,5.207879947,-34.86897043,-5.598735261,-5.139220521,15.12482287,-3.741959432,-3.520467325,-20.76740504,-24.74421771,-14.837371,15.07290476,-19.91073248,-20.62069143,-10.59035644,13.27418145,-21.50080278,15.45047669,-3.558000461,10.00953611,-16.7804648,-1.041009387,-1.557094558
CAKI1_KIDNEY,-23.15132033,-1.146044804,12.55489054,-6.064232424,4.407207178,-7.207338958,-8.559195984,-9.506669043,-10.09872686,12.80312799,-5.46652373,-13.03547029,-8.792371031,5.511504301,-7.606978924,-9.197350127,-3.85338638,0.136424079,26.99545939,-21.16663488,-21.96625407,-22.90781228,8.662456548,-1.481761306,-5.871143576,15.38795052,26.08526444,13.33377717,-15.75173818,11.10058291,6.376312526,-3.643440746,-0.42910677,-11.65839357,-11.47965938,43.46848419,8.281458624,8.489767304,4.810076766,6.691186022,-19.21567068,11.84448686,19.05808993,-12.31631528,16.36477573,-9.677070738,-8.410171149,3.474129874,29.86801118,-2.009752043,-10.82555499,-5.602016244,17.01193816,7.937556108,-9.984833269,-12.48036616,-2.913273293,29.67006197,-8.959975577,-14.70892408,19.74869677,-6.24322499,-3.387995471,-5.723223888
HCT15_LARGE_INTESTINE,8.766700045,-5.872820791,-9.424965543,-17.83066352,-13.85693985,1.320154352,-18.61638649,-17.74703357,1.18191045,-5.03317984,7.533780432,2.796045595,0.315335455,6.762140137,-2.669077697,4.426756104,-8.74769249,-8.518169695,-8.116123869,-2.629268041,-4.006908671,16.03208789,0.541557625,-2.028793268,-1.535349633,-4.165458959,1.26217415,0.699030348,9.181696565,-6.330084457,-8.470227091,5.267833949,-11.97418833,-0.190181386,-4.109654035,-8.727647093,7.403701906,4.459888777,0.64232746,-15.04116512,11.29824205,0.811184002,-0.56546823,-9.003458413,-6.016042824,-7.021623743,-2.400007344,21.1171436,-1.806876122,8.318794331,3.208253828,-16.72271583,9.072559894,-0.730439113,-13.79405651,-11.75401109,11.48759649,-2.081517691,4.29818641,2.174905324,-3.394053752,3.773827538,-3.513964668,13.18897858
SKMEL30_SKIN,-11.51951224,-9.144559893,15.57306892,10.43862577,1.058387138,1.927227122,21.62822596,-9.998159732,-4.225065126,-14.47023305,6.836815418,8.658646718,5.980867676,-10.33279903,6.694748194,5.939961894,-7.66826684,-7.165390775,-3.209448385,18.57348514,1.319665399,9.837397763,5.570716599,-14.85466601,-13.62107843,5.626309087,0.603049204,-0.827401127,-4.758352632,4.780764929,5.835119048,-4.97145546,0.743427271,0.730147644,-0.201122146,-5.270521981,0.031111432,0.144143836,2.161572459,5.065202242,4.503671091,-1.826648125,3.442781294,-6.49851996,3.098402166,-1.731880332,-2.53176099,2.895009664,4.170742892,-7.975336116,-2.819630153,4.726691527,-1.616832327,0.647621379,-7.25772913,-5.7456595,-2.299970393,0.3273947,-16.94720123,6.806985245,3.528239777,-3.392887593,0.791691752,-3.808381534
SKMEL28_SKIN,-11.82231764,-6.38673133,23.08140903,19.24042625,10.50942016,6.045671254,49.52429437,-8.367725322,-7.892788443,-26.56577145,6.95405686,3.40953964,5.13754904,-8.126678793,17.38142153,0.852042207,-3.713092226,-11.76397882,-1.795429263,26.01001577,12.02100949,20.95887635,7.055242521,-15.83591002,-17.41553623,11.74044987,-6.739597361,1.603995822,-19.55217422,5.496395077,13.76091852,-6.164094592,-2.95216338,3.458182893,0.460926494,9.352293992,1.737382184,3.069490471,6.628872077,-17.17942824,7.435415622,1.931993182,-33.45496483,-13.42329361,20.95470192,-5.924135806,-19.58127589,29.32985944,8.415299729,-14.95617096,-28.0508332,3.453112798,2.505021795,13.09963332,8.205850936,5.446828751,-18.07313856,-2.727080698,19.10687945,2.054465975,-7.053914622,16.57480275,-4.796970619,6.773738863
A2058_SKIN,10.51902638,-12.02070692,17.60327852,-0.602054508,-0.965149416,7.550717396,14.82792373,-14.20397953,-4.909961525,-13.30141486,0.100082796,3.5630071,4.42679782,-8.886128365,3.046916948,0.163745579,-13.55350974,-6.948698353,0.617302179,-3.215995039,-17.93106891,-1.509920812,11.5610055,-3.9107855,-11.65898444,2.545156586,-0.316872165,-3.762689529,13.26240354,-4.178842446,-4.478621915,2.514138125,-4.037986775,-12.44154015,1.588165066,-9.601658627,4.460420161,-6.17829014,-1.832880963,8.77345057,13.65110372,12.24313226,34.43779875,-5.066292803,-17.67435184,3.816459292,-22.14137709,-5.473067459,5.475011809,-18.88807873,-3.722199374,12.19199972,-9.717541918,3.431385373,-4.717414835,2.624253952,25.42054275,10.4767163,-16.66800588,1.791135419,-20.56424438,16.26453111,43.50317272,-13.58703827
T47D_BREAST,-5.130153625,10.71344766,-39.00734699,-20.85291378,-2.932441828,-16.03348727,20.19276822,16.57190975,2.93158632,-1.755224565,-42.85634139,-2.292375919,5.923859539,-7.605884573,11.91519835,7.84549276,4.275530594,-5.044808583,-24.51158515,-11.86863818,2.278707099,-8.72730943,-2.509875018,-14.69317751,15.76840064,19.09042945,19.32728509,-18.23159975,13.44075986,25.06895931,-20.61953574,-17.07513253,47.01444243,-23.86147936,-32.7460332,-13.8067393,49.49670141,-28.89340785,-5.084589006,0.803538589,-8.149947925,-0.871293734,-13.25855116,-12.47041869,3.686797811,6.316123009,3.77988402,5.668559864,-6.575316427,0.35788351,-1.764499588,-4.010326024,1.534857132,2.054580929,2.432578818,-3.365339483,1.722037717,-1.011762787,-3.838415105,0.232625239,-4.050176556,3.720481472,0.096274884,3.24779054
VCAP_PROSTATE,70.28208851,-25.68600106,-52.51025607,-75.89602534,-68.13008021,-45.34489626,63.90523118,20.14545864,-28.32237952,22.94675318,71.20268116,29.04694637,1.678368984,10.3955937,-34.73674387,8.420692779,-6.709996502,5.523028477,21.25811638,0.331288499,6.244491217,-0.230865374,-10.24962273,6.280050267,-2.586377997,-0.657577265,-14.06044425,1.537502333,-13.39947821,-8.388335736,-5.229207207,-6.278023765,1.010310058,-8.796509898,-9.343104972,5.18294785,-4.273298234,-6.601104069,4.067744939,10.10149369,-0.211672331,-1.939092738,-2.482484722,4.945285745,1.844248153,-0.107926715,1.21977357,-0.086078388,-0.245522376,-0.660591349,-1.462246676,2.517629496,0.102809456,-0.115140403,-0.908941512,0.654388428,-1.895240584,1.361877082,-1.809077741,0.503645758,-0.981152084,-0.089961858,0.904714717,0.637549594
UACC62_SKIN,-5.484052795,-5.223032438,19.41856666,13.51605428,7.730303614,20.22897807,66.33920978,-18.70773362,-0.810840032,-47.40061556,6.278398534,-4.514608469,2.066050198,-12.12701963,21.57540973,-18.87289368,-9.65977806,-9.317224866,23.90935991,-17.4936199,-33.47101346,-9.738933682,-27.57616011,64.85940377,55.38747075,-20.78326829,12.74916544,2.015767342,-5.687238217,15.56312253,-13.90665552,4.847952316,-2.215668671,8.237698284,-3.722460438,-9.874985087,-2.228432531,8.2790785,3.099374609,-4.525793504,-3.059568961,-5.413460856,-6.974652854,2.198299172,1.417392282,-6.919982641,6.58406091,0.904476092,0.98551901,1.825534256,4.85131562,-2.416124767,1.639966161,-3.600301779,-2.213304605,-2.251644117,2.223892784,-5.340073039,-2.972309708,0.300898517,-0.913108533,0.903409967,-0.188868364,1.762692836
NCIH522_LUNG,40.4429774,-9.547034783,-2.142280627,-9.185136828,-14.97209146,2.381599564,8.3814182,-6.411803165,22.08835019,-8.030600283,-53.06736488,23.04589469,-7.78640087,66.45043599,-0.792955861,2.296837443,36.00475901,27.1368811,-20.515379,71.70151917,-33.52583202,-19.3042746,-7.182519009,35.30581352,-23.12104938,5.869851116,-0.287023037,2.123024675,6.790678046,8.351306624,-11.34809034,-3.997711742,-17.18199831,-16.07824973,1.211826993,9.523540079,-2.033110479,-2.833986038,-2.364302231,-0.382042792,4.658111536,-5.8101648,-0.085124185,9.60904494,-3.84716558,-4.500231258,0.687233106,0.423714356,0.031909144,-0.231620871,-4.700061009,-3.560343483,1.935369275,1.154571425,-1.13404018,-0.554614661,-3.177438833,3.019392167,0.093203168,-2.43047257,-1.370761174,-0.521760698,-0.978111556,-0.400006498
SKOV3_OVARY,-24.73657603,1.184875556,2.673164435,-6.463544962,5.837248959,-10.07829693,-7.635459622,8.571603505,2.409009833,6.24905976,-1.343017939,-0.690036824,-6.572990482,13.16675614,-1.660243001,-5.33835965,3.378245638,-5.676807267,-2.069455629,1.728487541,0.61147305,12.46105591,4.826149077,2.644088694,9.683740716,6.688416405,1.877326104,3.742116861,-8.425311866,9.350503511,-3.857709039,11.72225317,-6.074299518,10.36145416,-9.701567288,8.50434941,-14.30088371,3.586258752,-1.878555514,14.06547352,8.281389664,-25.60182493,2.299441846,-15.02629503,10.32143394,29.28978118,5.371266645,4.150024425,-4.700249079,23.03346448,-23.77441804,0.348265007,24.52860983,-7.432411082,36.0871146,-0.807304213,31.80425066,9.372743918,-6.668444727,43.27207413,-1.221145877,-0.196021462,-2.867621783,-10.42213526
ACHN_KIDNEY,-29.58719096,3.439078513,11.16022341,-7.703080016,1.873319411,1.332331444,-12.07302902,-0.719492867,-0.042688725,1.611970579,4.096799743,-2.016568515,-9.808585382,21.51305964,-11.32732246,1.008006478,-7.01293101,0.73209711,11.72354045,-7.74099015,2.204079718,4.141829219,13.46084132,9.07862381,-5.893481197,12.77884834,11.31639309,3.542049671,-18.89347755,3.131093253,-14.95246938,9.706187617,0.99466575,-0.838698861,-16.115111,35.82654517,7.185481495,5.849199142,0.621086912,-14.97319754,-10.15931091,0.73602522,5.120774078,-8.013740787,-19.78602693,5.979943687,-2.36055665,-3.996114065,-28.96403058,-16.77394523,0.126269364,4.918865552,-21.74220877,-14.63500782,3.542919001,0.518247324,-1.511672802,-35.51528703,7.764423954,1.206938647,-22.58617319,2.781105484,-2.587888094,-6.379260925
SF295_CENTRAL_NERVOUS_SYSTEM,-10.27006536,-7.088219611,20.02817424,-2.905360607,-2.398558317,-8.024699504,-3.01247362,-3.437298048,-4.399865349,6.971184662,2.913913384,-6.051793084,2.598925894,1.672660446,-8.259117708,-4.828372723,-1.216584532,-0.914345876,-5.871236683,-13.51184883,-7.212885192,-1.067265293,-6.208579514,-9.349937625,-2.827209183,-5.272641216,-7.528378142,1.852152734,15.48816993,-0.421113481,-9.419863207,0.610099644,-18.0482062,-4.067263948,1.071693845,-6.982111739,1.212036698,-5.164827291,-8.815728935,-6.69895838,6.340598905,13.76791712,-13.03809656,-7.998729336,-9.943779881,-12.72409954,14.03665205,-9.181752024,20.94687533,23.44294748,-18.7767983,-2.06306399,0.649248545,29.44370516,12.51557949,13.86967685,-11.67114032,-40.76412842,-25.3813124,-4.013154394,-3.147850176,-11.60984858,-2.728353785,-23.23632604
MDAMB435S_SKIN,-11.42122124,4.313514477,9.006166171,16.57908893,11.1495712,5.835900783,29.52241287,-1.294812404,-5.643875947,-15.64395984,-0.088566338,-15.60354056,4.831360871,2.510804349,-0.326436067,-15.49855465,25.71369425,7.640319605,-5.405074228,-13.91458686,16.12048754,-21.40336176,4.723692967,3.520644703,-10.6996172,-11.12456611,-11.03407753,-6.520709668,27.10634854,-37.80126528,17.15516525,21.81222135,19.72316628,-13.9959137,-1.778175428,30.92864672,4.948389056,10.65670761,24.93658321,38.67512551,35.58678311,19.47057253,-22.89761114,-3.092352294,-12.0665851,1.518180819,13.78661216,9.303421564,-16.3707633,-0.531303043,2.247632392,-10.85758283,11.38849429,-7.556244026,-7.147307859,-10.78922989,4.038610254,-0.961460731,-3.985576533,-2.460292482,1.220599286,0.702099671,-3.145282423,-3.395407246
BT549_BREAST,26.76711976,-25.79215377,32.45425758,-14.63897229,-7.859585714,-11.61689363,-14.52303141,-10.84585466,-14.15070324,19.66245959,-2.590646521,-11.81367791,16.92452168,-31.64612209,-9.283069501,-12.55282649,-16.92480239,29.75908335,-14.92106966,4.5681967,-38.98490342,25.27142275,-44.31617945,-13.26513863,-8.271556428,-20.54917278,23.39891158,-27.5779308,11.88953174,25.45457727,59.58014349,13.62990511,2.820645138,-10.33967478,-10.61299442,18.08728972,-6.66404277,-4.199821461,-10.19950408,-1.048072229,-7.074428614,-7.412844854,-12.8826681,12.79484585,-4.885287299,3.378871939,-7.068745417,-1.005095571,-10.7223352,3.271240296,0.770155786,3.67811168,-1.579717015,-7.170639035,-3.202453945,3.425279201,3.241425175,-4.540047193,1.532799566,2.127840741,0.292837382,-3.857037743,1.015016253,2.806313376
MDAMB468_BREAST,-37.73280932,11.51095732,-10.13202272,-4.38564413,4.31322386,-8.638261201,-9.894309985,9.915287028,5.206626343,-0.092138515,-8.401762232,7.080856885,-0.538630285,4.941759817,-3.672022928,7.694750334,0.138380396,-9.539481516,-2.423679984,6.667639123,7.157237486,12.3465902,-3.007862118,3.548054576,4.822838595,3.662685419,-0.7742801,1.230519489,3.884690368,-4.697075872,2.731382633,3.477146141,7.144926648,3.988232177,1.672253817,-5.545870944,-2.537650643,9.502155922,-4.996007216,17.82086306,3.721283452,-9.502880377,-2.333072209,16.02525362,9.338862517,-8.323576678,0.566768832,1.928306305,6.272234355,-2.97700841,2.710849621,5.413935914,-15.15354467,-7.800042252,-23.66694484,-1.894542416,-5.554422556,-7.538326829,-8.130142699,24.31538539,12.80969319,-8.163348105,22.80978167,25.07965796
NCIH520_LUNG,106.358377,-33.51117475,-54.54904985,52.56046544,115.2993925,-97.68088157,-8.519213253,-31.20458979,6.229546779,-25.14449497,11.96869248,4.66833709,1.416751471,16.19944361,-18.58511206,4.759747212,-8.740059392,5.437950993,3.535587501,-4.01615771,4.342667898,-0.003699062,-4.210820965,-2.502515216,2.48202211,3.210073769,3.389742906,0.722116999,-5.032164181,0.503777617,-2.042965685,1.592326372,3.666884262,2.742504059,1.788136157,-0.196377883,-4.631528408,-4.740813755,-5.932414894,0.081358405,0.535621577,0.601862157,0.644772387,-0.600433904,-2.641940839,-2.765016486,0.960419165,-2.266803188,-1.831518803,-0.562795896,0.71756826,1.212293124,0.622636229,-0.160512245,-2.273222938,0.147780292,-0.590245747,-0.8869585,-0.608542065,0.119268303,0.326143653,0.010409074,-0.634831092,-0.387975877
SKMEL5_SKIN,-17.32586624,-1.304179891,14.74903002,9.880810387,-1.069201743,8.608600218,44.15475672,-22.18187924,-3.816058339,-26.14367546,2.881865865,10.80490086,0.576372885,-2.625787903,12.91953219,4.11290412,-14.26919763,-10.74100168,-1.176549657,8.704680455,6.170809156,16.57154837,12.0563046,-17.00228853,-26.29302105,10.07300757,0.746480759,-3.326598489,-5.630548656,0.144959272,7.381500226,-6.100266676,6.824950944,-7.652087357,2.430737152,1.436496542,-4.793319735,-5.834664699,-9.210954454,-6.303676611,-11.79747113,3.98109902,15.8707844,12.36480848,-9.762530925,12.19766989,25.3297861,-40.43739432,10.86504119,36.88127705,9.757669743,-37.19186342,5.908252004,-16.15090095,0.548177393,-15.09677154,-12.51096912,0.753714856,8.788236291,-0.015025812,-3.533599849,10.23950359,2.108603182,5.92112525
786O_KIDNEY,-24.30228592,-1.092013049,18.35358085,-10.0242456,-2.116029986,-7.73941864,-14.22844535,-9.16353472,-1.208176013,5.81118287,5.526828947,-2.219989431,-3.83292304,13.79737753,-9.692611346,1.828737868,-8.59599872,-0.879592204,2.378778182,-9.759348504,0.141475541,11.78249363,-5.111921453,-2.554305481,-1.113530669,2.575889698,8.290808403,7.21356674,-3.435354223,-2.722842393,-10.53402512,7.228598216,-4.865394403,0.368747489,-6.711438278,10.81921222,9.547080487,2.365362024,-2.128549016,-13.10164707,5.821945254,3.999424181,0.266257918,-2.217531779,-9.331998272,-10.84249916,-3.016944324,2.32515274,0.281907987,-2.562852435,-2.819272864,-0.941018916,-1.759090732,6.651341411,-5.176155334,-9.524755788,4.473238546,-4.628797894,5.251653375,8.925852012,-1.810594386,-0.051800852,8.069884538,-0.78237189
RD_SOFT_TISSUE,98.31466195,-63.22885664,65.75920776,-4.225290943,-7.445145632,28.09633621,-7.756474505,73.02959676,88.81643903,-32.04205664,15.94773354,-35.38782926,-2.576972993,9.491824667,-14.32031619,43.94824501,3.185213546,-13.25820134,17.41237253,-5.9266477,21.58013306,2.354836045,1.768846849,-4.438678604,7.606700649,5.62615666,17.56798861,-7.049452751,4.146055604,7.238605595,4.843031792,-1.047232137,-0.626705728,-4.794150901,-0.782954464,1.174270144,0.552779475,2.86234763,-1.155335332,2.754034573,1.150131051,2.073320735,-2.293646321,3.607290668,-2.303986587,-1.377796426,-0.044943554,-1.538189399,4.870794071,1.990249829,-0.500409251,-0.1916445,1.632721699,-3.538419595,0.2140983,0.358920082,-2.209581971,2.052302803,1.018710863,-0.194572996,1.143958994,-0.343132637,0.919367437,-0.45726776
PC3_PROSTATE,-34.83866281,0.645551287,-2.848587667,-2.693762233,1.371736721,-1.330510903,-6.341184345,-0.030435731,-3.936628886,1.238117434,3.709812828,1.128226431,-1.303079185,-2.671461135,-5.096543913,5.814862142,2.618003742,1.098908854,1.442674779,5.914753104,6.74955576,-3.931755144,-0.012272808,3.514305894,2.133043906,2.279928561,2.612936574,-5.42424616,-1.247118645,-0.950787026,1.872463272,-4.007010014,1.672776077,3.919919207,-4.726059539,-12.89582355,-2.000703412,3.972163011,-2.273060206,6.976373826,1.862682704,-3.681460789,-5.295908143,7.087464438,-9.59236575,-7.287625251,-2.957138508,0.928352899,8.079045208,2.360840703,3.268967372,16.40401112,5.71113515,4.641945317,7.147736655,-6.167202659,-13.84952471,-6.837365536,-10.44206019,-4.982382705,11.4906186,-5.271856955,5.641608153,10.81329761
A2780_OVARY,15.23334119,-14.91916438,4.418561929,-3.385195635,-14.48415179,12.86325411,-12.06658214,-16.69852936,15.43576013,-2.920058746,-11.97725211,30.94758551,-3.738233874,17.42439018,-4.535007492,21.791409,-22.09272967,12.49567087,-19.39173854,5.673316609,-47.16085546,-24.18760575,45.17401707,-44.55616839,58.22524009,-20.75429644,-16.9949732,-5.744938101,-32.51203688,-27.39962667,14.32528168,-1.602044102,17.27346715,2.96346182,-4.073749162,0.593928261,-11.96622959,4.156488507,5.709461967,-3.703520574,-5.549777082,6.784535631,-13.55036228,0.161262727,-6.1679191,0.18001067,3.487259814,0.670197795,6.630547558,-2.508835448,2.387475324,-0.661606226,-2.257222053,-3.509583128,3.801771976,-1.563393367,1.17357713,-1.516799361,-1.643772323,1.609549331,1.079888764,3.763204109,-0.648455413,-0.44062163
A498_KIDNEY,-35.41021871,3.692638591,8.33141615,1.50829476,11.00990455,-5.828773399,-6.361928059,7.671465128,-2.805778223,9.507144311,-1.977156923,-3.292753862,-7.40704638,11.40495747,-5.291434647,-1.814691198,0.756594448,-1.92821236,14.60835331,-11.11607824,-2.029081724,-6.040112282,12.90517929,3.461798201,1.793947798,7.797476903,6.867981498,8.464802017,-8.763345264,7.001749255,0.071655806,2.114803318,-3.181979929,1.20557677,1.769254601,25.41479462,3.794243431,6.863215987,1.412762333,6.338988134,-8.516294018,-6.929349848,-3.231319367,4.308393504,3.917691904,-6.093144354,6.201015383,-14.45962317,-8.753993004,6.949694345,-8.207142315,12.64194711,-14.56566913,6.534625744,9.592347617,-12.87364952,-3.903735025,-4.085734723,-10.5750632,-3.348918433,-13.08060828,0.605307199,3.843309732,40.6107987
HOP62_LUNG,-7.212190383,-2.866750579,19.16455614,-9.118057842,-0.445010918,-7.151778579,-7.438607137,-5.927845871,-1.461077367,8.843359125,-2.20652018,-4.794889492,-2.233522475,9.238162745,-7.902861753,-4.626118912,3.831168254,2.618019649,2.485056459,-8.148210156,-1.876308479,-4.260095939,-5.205597985,-0.526224835,-5.216663123,-2.976074502,1.425742437,-3.459816395,5.989994112,-7.311903895,-5.712485813,0.788441759,-3.072659777,-1.372784782,-1.015925778,-6.671975911,1.461872628,-5.000605597,-6.417967651,-8.106178731,2.434696014,12.74757171,-0.979464829,-6.451257766,-1.141306643,-20.28795109,8.642461496,1.886973798,11.02552613,-6.452677061,-4.009406646,-10.64102179,2.467653828,2.265336959,-12.50882271,18.92941112,1.274453434,7.887616678,-13.17040123,20.30872313,9.979152979,13.62855561,-12.99315429,16.2984993
OVCAR8_OVARY,-0.280097594,-18.06761798,10.82135944,-2.273513353,-4.047380674,1.316039489,-24.42255313,-6.053528076,-9.442305728,9.213342096,9.586248636,1.316053843,3.619860988,-9.996356922,-6.872942466,4.639643755,-13.66001466,3.263357733,-9.804800677,15.04975485,5.678459288,-1.861653963,-5.333963733,10.18873758,-3.574864374,-1.699460936,5.140086596,-11.48724272,3.093136413,-1.100175053,-5.352825629,17.41459946,4.307401773,3.499221477,-4.354818921,-10.32708004,-7.878001477,3.203010354,-2.22928382,2.88863518,16.73852525,-0.277273247,11.34833674,-14.27744242,23.66004331,-5.355406093,-4.745550161,-4.316653916,6.78896464,-22.95162082,20.78847868,-12.40681396,9.904328,-10.36878517,41.24619452,-19.79589547,-9.802462822,-3.422338579,-19.84211252,-27.36587956,-24.24621175,1.538462863,-10.42029825,13.06865715
CAOV3_OVARY,-28.37022067,1.748770647,-5.820581237,-7.426689556,4.245643259,-9.311293219,-7.101332422,-0.293454969,-1.328158371,1.821195064,-3.70452902,5.188785451,-1.662887809,10.01399842,-0.222145161,3.41673686,1.604462857,-4.291196427,-1.218222358,5.703041262,14.44548241,13.73108039,-5.965439751,3.868944235,9.806310508,5.885093827,2.568866848,-0.555359345,-6.105129347,-3.00051271,0.431863903,2.022920701,1.16048549,-2.200481915,-4.584413776,-7.953026103,6.083884155,-0.176050751,-4.156265482,6.097277138,9.850643786,-0.37852096,-9.111637768,14.82529666,1.007427546,-15.09285273,-15.05351288,13.098773,11.38668615,8.104816353,8.452396552,-3.640098508,-7.004157501,-25.66045987,31.77673279,-6.700992547,-1.752564409,-0.563741082,3.882323768,-16.82924347,31.91998715,-13.4916278,21.04770208,-16.88449172
NCIH23_LUNG,27.15193857,-14.47827406,8.871059471,-6.300294865,-17.53355163,11.10201039,-20.51919689,-22.11942787,-0.587113958,-19.65566401,-15.56282505,3.150085887,-11.65667504,-0.807747851,-1.459720586,13.04982041,-14.9051978,-1.863792956,2.815780247,4.185364328,6.56824823,1.518768451,-23.68682858,22.86599805,-14.54596476,3.644007161,-34.0124719,9.035833887,-4.208277244,-22.86571621,14.90305027,0.566137955,16.54863823,64.14887068,-3.366569713,7.901298078,46.39766893,-7.1949018,-12.77573235,12.67978044,-27.59339033,17.69936064,-2.460323844,12.57037367,-1.852374635,2.085773492,-12.23383383,-9.16240018,-3.792134107,-3.181387828,-2.577229675,-2.806880845,12.07719903,8.305007573,6.578798144,3.963310831,5.439406423,0.851705819,-3.871137952,3.891506765,0.519910762,1.015393302,-2.191966489,-3.996689267
RKO_LARGE_INTESTINE,-4.842098616,10.8875202,-32.53496488,-7.611414522,-9.197752283,37.8905488,-10.8068661,-17.20837619,11.74681493,-43.21923085,24.44305696,-35.95328528,9.189821088,6.737272228,-18.12677114,-25.35363937,10.6148339,18.22249241,-36.27724604,-15.28045889,-3.782414909,-17.33674949,-45.07261419,-27.55581591,-0.550985375,36.58617348,-25.08307608,-22.45269432,-17.92461636,21.97971969,-21.16322724,-26.58819254,10.24245205,15.45899844,15.73692808,14.93669701,-25.75681634,4.037552084,10.24030051,8.647194184,2.056562497,0.21523654,11.35660989,-1.802312882,-1.859748985,-8.605962377,2.211078945,4.009659361,3.941607977,2.356406654,2.782027331,5.072340376,-2.592882994,-2.893167257,-0.619740873,-0.691430003,8.541058559,-5.616290823,3.290451284,-3.321941203,0.356615997,2.677484649,-1.40081835,4.370242403
OVCAR4_OVARY,-22.49870856,-4.096596853,0.156924252,-2.926522773,5.904134555,-12.07797267,-10.50300942,6.101971765,-8.164898741,10.09724333,-6.317313399,-1.003042108,-2.566210499,-4.931707737,1.576301711,5.874072746,2.000946247,-5.928116623,0.661504176,13.15598529,1.125279362,7.138700276,-4.576318191,3.853781558,9.906232146,6.716831164,13.0325409,2.03754322,-9.218424722,-0.50107691,-5.968003082,8.959538153,8.533201086,-3.412770909,7.81400609,3.979919474,2.869091087,8.913492445,13.01726147,37.16989358,6.003682898,-6.504956647,-4.675612554,8.704891735,16.15152813,14.23393114,-23.94572948,-4.154848161,38.60231486,3.153366619,25.13763401,-27.80698996,-30.94187685,20.38695024,-8.949235963,14.32751226,15.74675081,-15.34819003,17.93236465,6.534112525,-13.54295251,0.852020156,-13.36150812,-6.126100064
EFM192A_BREAST,28.49402178,-4.053118141,-37.62872795,-21.0227354,3.543240799,-12.33536376,-9.566246556,32.67656707,-13.4992561,4.522376421,-31.94787196,-10.08244089,8.477533185,-56.49312418,24.39284657,13.14844381,-25.19159738,-37.93335831,-7.710444359,14.17222907,-20.07870812,0.940534921,12.49365238,16.26023317,19.20599571,58.28656809,-27.06173414,-9.994404185,27.04410775,-11.3352107,0.060506986,10.83001807,-23.18058123,3.913596959,-10.94224501,23.285329,-26.32087561,-2.998222041,-1.512292109,-3.811807667,2.912574814,1.993652689,-2.416414769,3.447514981,-1.906223509,-10.41616831,11.3684848,-6.936140794,-3.951715379,-7.346270817,0.348432245,-0.472516356,-0.121362911,4.177933479,-2.413806021,-1.050430777,-5.919485854,4.21559974,5.890424406,1.169543336,3.436330372,-2.422887183,-1.529779081,-4.520739224
IGROV1_OVARY,-23.07593417,-2.508329407,-9.677015414,-1.042579061,2.006275009,6.276446937,-13.79594523,5.603695296,2.606402123,-3.320086676,9.552542407,5.320772723,-6.162871239,1.333898937,-1.700967579,4.576923688,-5.535713632,-2.455236674,-2.362857458,13.08436088,0.738684283,9.652052771,5.305728204,3.238387531,11.1580277,6.126590035,6.775672399,-2.541227838,-11.02497458,4.666487189,-6.096033958,15.51911641,2.195257668,15.13411541,-6.617731426,0.134947948,-7.925763788,-1.22306558,5.31648784,11.09902666,6.421044961,-21.08644261,7.696014859,-6.66017997,-4.714120638,41.41317144,-15.79258938,5.654641235,-22.99585042,20.40838506,-6.024224803,-5.958423881,16.56494301,15.58375285,-29.54762723,21.92694283,-21.84503218,1.088567992,-16.20012459,-34.46043727,5.033793778,4.460781246,2.77089686,2.067004248
EKVX_LUNG,-12.85975812,3.209132871,7.212006285,-23.11686349,-2.970037851,-17.83382402,-8.283106255,3.109294617,10.85048893,6.82514249,-19.10912379,-8.134855904,-11.53525688,25.79634863,-0.910389341,-9.417075127,6.029000015,-14.61514904,19.02094611,-17.12119822,-23.79582027,12.96710818,1.986650511,12.17562492,-18.42639063,15.84798842,3.005896505,13.05283872,1.826690991,5.799860368,22.56838285,11.24409777,36.82401062,14.3586205,11.30281486,-33.86518493,-30.4830029,-35.20767059,58.81143714,-13.31971223,2.353408108,13.20015736,5.528323591,4.071249839,2.727438881,3.287607661,2.374120779,-0.753424001,0.598034054,-2.994956837,-1.989355746,7.977670156,2.288177886,2.279950652,2.735444281,-0.177751415,-3.919588209,-4.452874415,2.544461805,-0.334769721,-1.031190806,-0.86809524,-1.315276721,-1.873793396
SNB75_CENTRAL_NERVOUS_SYSTEM,-2.509424825,-13.51341233,37.97935231,1.918618966,9.954670607,-17.13387396,17.27828953,23.47594819,-9.253547479,14.97458217,-0.367548786,-7.795546269,3.937829962,-6.803808072,-0.192614972,-11.99390792,4.475435491,5.875728384,-14.21809372,7.340376421,-11.35517303,15.45998328,-4.760454337,-15.04590907,6.301070539,-1.917268012,-4.30866297,15.20632762,4.157249639,-0.240569807,-17.69269354,5.235481401,-11.95757288,0.010270936,10.08146874,-11.01484134,6.041931361,6.381285258,4.202607639,11.45544961,-9.578445111,4.412323503,10.05425451,9.26004449,-7.907203215,4.107484902,-0.05342566,-1.061248887,-17.9499252,-1.684410142,-0.816535894,2.548104736,-8.877035262,20.49436603,16.3695685,-12.99752851,13.657398,-7.41177695,7.144283987,-11.20157051,39.46688649,43.43038211,1.212684003,14.2057731
NCIH1650_LUNG,8.551151836,-3.193739963,3.059754267,-23.72525164,-10.60046837,-13.76240235,-1.66459558,-0.875670824,-3.724757431,-0.119481534,-21.99229449,-20.61912628,-8.762769532,5.452689984,1.924645415,-8.342755197,7.39178881,-9.644339879,-2.160107975,-2.170702543,-0.632034016,27.50624948,-12.18958776,12.68306435,5.897821674,9.661074168,-10.28993953,14.79760118,-7.94719971,-24.02778329,2.022870028,-1.93771175,51.95533324,-33.87493939,35.85337378,-5.889327939,-11.09973294,48.61985595,-37.71280172,-20.34440847,0.165251886,5.223108996,4.219493167,-8.445666749,8.053553005,4.402234274,-8.909172046,-6.322583172,-12.12898778,2.354388134,-1.212770939,7.267092107,4.188161394,7.473229909,-2.301655684,-1.185735027,-4.433064089,2.902318571,-4.451159653,0.947302731,-0.616140979,-5.239438279,-2.921997856,-6.846295105
HOP92_LUNG,-21.65810504,-2.749619978,15.75649664,4.368343267,8.151753729,-8.606226306,0.848519199,8.534126429,-12.4207354,16.61199938,-0.205984619,-7.805403116,0.49612397,-3.838965019,-2.933513181,-1.02505531,6.229396851,7.403108864,5.370300094,6.022997525,2.950515433,-13.15939172,11.80271867,4.693890709,-4.013831477,0.317651766,5.303585862,-6.295260869,-4.481014684,5.627744485,0.697086892,-12.68700072,0.242637912,-1.205450757,-6.11248123,-3.898105499,-1.334534717,7.976021351,-1.520456722,7.119885165,-4.527474477,0.667551178,0.529359432,-0.32791334,-12.97906694,-4.227133455,1.748712539,-1.62418438,10.27395016,0.310126969,46.08541293,29.30479075,49.02661897,14.80887484,0.808047083,6.236736705,-15.75516506,-7.522975815,23.2286783,20.57196502,-12.10518969,11.5955383,10.19969193,2.431968831
UACC257_SKIN,-25.74281815,-2.835193872,9.978034078,13.57728866,6.236819292,10.49311124,26.692795,-9.2323216,-1.182729208,-21.61727253,6.397463151,12.52378018,3.378532607,-5.474255443,6.580848501,4.444289405,-7.46182523,-9.445509983,2.864789632,16.64579688,4.723418448,5.141319984,4.449500927,-8.916426152,-14.46638883,5.562203905,-1.906720617,2.106886759,-6.853008713,10.84823617,8.233767377,-5.977989323,1.51610181,3.023781191,1.57084944,2.116474029,-4.373863078,1.050246565,2.089159334,-2.538251098,-2.734235262,-3.810006027,-6.897832288,-3.790038947,14.68858797,-5.286897979,-2.70251676,1.317388008,-0.876748311,-0.371494669,1.48195268,1.13190836,-1.249519535,-8.441978541,-9.673046042,-4.093051471,2.574243766,-6.347316585,-15.19982579,5.844534793,-1.643548385,-9.790611076,25.72904491,-8.92148421
A375_SKIN,-6.655132867,-1.708611586,7.048270506,2.774997183,-2.467884043,6.433871629,19.03134724,-18.18982477,3.73207849,-13.55291014,0.558169817,4.135849278,0.208581861,-0.08276855,-4.001434421,2.936309996,-8.053249853,0.71035308,-8.472463715,-13.79650782,-8.987999703,-8.966883985,4.11042597,0.37077475,-1.16273179,-8.63267711,0.711346918,-15.39199471,19.58544519,-12.57484377,-1.656497366,2.780273289,1.307775652,-6.802941178,-8.100094946,-7.665680212,2.772956201,-3.412403824,-13.02953283,15.37309095,10.97748187,1.949720584,45.55664478,4.882517634,-2.68681892,10.81752266,-14.83744363,-3.581195818,10.35805706,-6.91711469,-27.52056098,15.30327697,-6.419235232,-3.568125314,10.95055404,9.846482657,-22.28131509,-5.424604955,32.9624526,9.615947319,8.817863166,-22.63637432,-19.24473924,9.000303096
SKMES1_LUNG,-11.00613667,2.513652503,15.26898411,-4.997751242,10.05609349,-15.87876757,7.215239197,13.35069661,-2.00812906,15.83882396,-10.90560118,-19.20651835,-9.138894711,11.94335748,-2.394960177,-15.03822284,28.69634432,1.043332244,9.994968942,-22.90186086,-0.575410662,-13.59184413,22.02594905,11.8322148,-3.321655882,-0.356611967,-34.1921555,2.928458021,-9.175490625,23.44203175,41.14665071,-44.83102013,-10.85229452,14.84779349,-36.74928893,-24.87730942,-9.939483297,13.42968544,-21.91019948,4.782477956,22.57631087,-8.2497446,-0.62358395,-12.37300053,-4.772869828,2.856113165,-8.100179097,-13.93160653,-9.973744243,-13.16430149,0.091222645,-22.75750544,-13.37371331,2.602869151,-3.735797543,-3.743706175,2.177675931,0.275466653,2.923059139,-5.486815022,2.561353512,0.426242178,-2.307062786,-0.937665954
RPMI7951_SKIN,5.994804073,-7.373804177,29.48460115,9.095222286,13.03936788,-0.453941313,24.47386817,20.71844776,-4.681479935,10.02572499,2.748437513,-18.51422277,5.388550399,-4.00515293,-4.056811268,-16.38586001,22.55144119,10.33179464,-15.28815089,-11.01742526,3.864825917,-21.44256234,7.945348976,2.630031739,-5.323274652,-10.56849578,-17.86396406,7.116950398,24.24151346,-39.41294316,-3.603997156,4.774549536,11.24218125,6.556098616,0.227398748,14.0646149,-12.79114241,-33.06769495,-8.651393665,-23.22041182,-28.67705164,-50.1719065,3.93679796,-16.8680359,8.393131121,-8.90551156,-26.66377618,6.206040784,11.68881111,13.32437126,11.08330027,-0.304806618,-5.342381517,-13.25188254,-3.789565388,2.566843422,2.028267932,-4.278180466,-1.355842967,-3.491465985,-0.163382973,4.071174889,4.27985231,1.455997126
MCF7_BREAST,-2.010644816,5.671769796,-32.23328489,-18.96955761,-3.883636959,-12.49177987,5.252505514,19.75005551,4.722588632,-8.49279204,-40.94777148,3.081073899,1.402790224,-18.05198793,10.5521128,17.18353782,-6.990684815,-33.16686002,-27.18582106,-19.45031273,15.58235238,-24.8387592,-28.54931711,-3.047618561,-23.06213866,-42.09600913,13.21274317,15.21810506,-33.32468647,-3.628264418,0.73409793,0.159351212,-13.67288644,-5.041510997,0.996803666,4.419187614,-16.79522539,-2.447968703,2.289631172,-7.994558261,4.577557359,4.271940542,4.219285821,-3.011260151,-7.854344633,-2.120545733,-3.308034307,0.004153609,0.134489796,3.162658818,-0.238729047,-4.065848665,2.612064477,7.540793683,4.114429133,2.647388822,4.696128075,1.510503321,4.673328546,-6.307459894,3.172704552,4.527204925,2.361661734,-7.483645287
HDLM2_HAEMATOPOIETIC_AND_LYMPHOID_TISSUE,30.05135708,61.36930038,4.28682983,63.88086687,-59.44282893,-40.97102909,-19.35157161,23.44493792,-4.379078244,8.990043346,15.74947976,-23.81101493,88.11699096,49.6022695,59.37121996,-2.881465866,-24.7108539,-1.48891407,9.203479287,-5.010111719,-5.76267108,-6.126990307,-2.857766305,3.080387487,-5.270125903,3.091756675,6.912703366,-14.54153228,-9.191573568,-12.05950747,-0.683651242,-4.19297794,-1.891827448,4.766725546,2.502241104,-3.628286093,2.616387373,2.302166888,-1.760182656,1.972081882,-0.700027829,-1.269132541,-0.743931661,-0.751003955,0.076378193,2.374854491,-2.707998131,-2.112183822,-1.460857367,0.305589332,-1.725585736,-0.252831528,-0.959309739,-1.046064723,-0.658496757,-0.666590472,-1.043917346,0.697456649,-1.089376764,0.039099175,0.766890986,-0.231279289,0.070697803,-0.920505323
HT144_SKIN,-24.61291363,-2.774399713,11.90915393,8.41814229,5.267471847,2.645343097,22.14103775,-7.874744748,-1.321333504,-13.77327143,5.624168523,1.451123708,1.517639662,-2.123199061,3.110853205,0.600978296,-6.032678799,-0.093153898,-5.377427794,-3.583171489,3.527988853,0.788248736,2.101171761,-3.794090511,3.572861071,-2.990728821,1.327803951,-4.639037183,7.835337374,-8.577068397,-2.902086813,5.834779668,-1.246719664,-5.765437482,-2.306047412,-1.918437865,1.950848924,-5.83243656,-2.670064213,3.194064288,6.874526079,-0.201075912,9.93428177,3.67702752,-8.246749598,14.01863047,-0.286092998,-1.573564257,-2.119481981,-8.678880243,-6.185527502,13.08401451,-2.195302433,0.294657466,6.13827242,7.838982473,-8.469574058,11.42323899,0.594412809,-7.42034746,-0.903790432,6.767740054,-13.06698488,-1.907530226
NCIH226_LUNG,-35.7610312,-1.182116221,8.476065403,-3.800736416,1.74472809,-3.067689902,-14.39437005,0.123485792,-3.231620067,4.313367869,6.866162633,-3.382276353,-1.521558891,3.690871566,-11.30243078,0.638297318,-6.224389206,0.321951686,-3.469201408,1.313777059,5.774983211,5.173583121,-8.325899833,3.410186428,0.227286092,-1.972272503,2.426719723,-9.201715265,-2.013610195,0.146262255,-10.44935344,8.901287663,1.761401132,1.266488516,-3.162137385,-5.988902973,-4.706535157,1.134350538,-5.87211429,-6.124549324,0.856729519,3.121211204,2.485389562,0.683397663,0.925944068,-9.55359868,12.36649258,2.586008241,1.815715763,-18.75633652,2.240350344,-21.98815158,-5.324941952,-25.42625473,-2.553734827,41.01462686,-13.42905935,20.79291086,-18.7997552,14.32363612,-0.479683055,24.76271176,-10.68867421,-1.118625672
A427_LUNG,65.42146469,-32.74400305,15.77673597,-20.54753442,-47.98284703,-11.06547256,-6.337467748,-65.83525341,-29.81105957,-15.09879655,-54.82088736,-20.04885289,-8.708728456,-6.548762018,36.55424973,-4.736210996,29.78608627,30.82439005,32.55816969,-8.431578652,56.87144426,2.793308499,5.912341171,-23.34262203,26.38886802,7.343104977,12.15733167,0.581691271,-3.777896192,0.913798053,-5.477992893,8.312293182,-18.31209591,-1.270265618,-0.319323596,-4.765891516,-19.37168391,-10.33848463,1.6351624,7.578613433,-8.122986643,-3.438719096,1.196605509,6.382666015,-0.850729813,-1.075455084,-2.580654468,-0.10421934,-5.533107164,-4.06656495,-1.368705859,1.741880599,-1.139658504,-0.378348248,-1.547894058,0.632312183,-3.540830398,-1.837076893,-4.297057236,2.188114064,-1.315134175,-0.63413928,1.480233747,1.729632504
COLO320_LARGE_INTESTINE,75.67109772,-31.61267251,-51.26907646,50.78347768,22.53663064,98.77646595,11.03488552,37.86130102,-81.2884899,30.84019761,-20.04233826,-5.496351126,-24.71253696,50.73428351,0.000834423,7.477784086,-20.03201441,-5.772872047,8.029335749,-16.39182938,-0.571530933,17.35732759,-12.68468363,-10.50192518,-1.422827627,-0.871455908,1.630316611,2.442722821,1.922063629,1.805702766,3.288354488,3.998269452,0.194212282,-2.144428389,-3.568849495,-5.627669346,-1.137043985,0.342715532,-2.175236318,1.438456534,3.266592675,-3.813703949,-0.347116335,0.565378435,-0.951569774,-1.300758823,3.218736002,0.806918812,4.348020801,-1.719580511,0.652200509,1.862344531,0.098451178,-0.470295088,-0.684140661,0.77782688,-0.273132531,-0.348659229,-0.145349655,0.631871093,0.907887135,0.167429927,-0.322631428,0.715177291
ES2_OVARY,-1.831068826,-21.53874101,14.32417579,16.49159093,16.97355241,18.60636446,-17.45523871,3.957443338,-32.60908478,21.12754834,12.06090698,-9.614889576,10.05978722,-33.55264284,-13.27080987,5.918793663,-6.852116295,12.65006934,10.98754988,24.68975114,18.81967819,-39.59858605,16.99756463,29.26000146,-3.06215194,1.683502149,2.450502738,-30.42573286,-15.30020921,-1.857181505,-6.64177104,-17.26147525,11.51601209,-9.769134474,2.318916343,-9.109470631,-6.327327955,-5.084497636,8.724137831,-19.0546771,4.288564209,30.42723617,-0.210618275,18.24565056,-4.08792239,-3.081219658,-23.07428985,10.2019277,-16.49181476,38.61616016,-10.28682257,-2.294913256,-14.10057639,5.741235863,5.247569412,1.127972547,9.079772223,11.74514686,-3.569272973,9.371723489,-4.065398444,-4.089931143,-2.975754776,7.978949638
MDAMB436_BREAST,-8.119788835,-2.978025847,12.80570165,-0.09266964,-2.036040601,-2.336486753,-5.66261704,-3.736717305,0.015700799,2.536546878,-2.398258399,1.447683738,-1.52584241,1.740030649,-5.03391581,7.881968242,-8.568175621,-1.753734797,-0.0606047,-9.612183956,-6.051724128,-10.92130443,10.40632699,0.967997763,-8.110439993,-5.799027576,1.587285,3.821520396,3.950082068,1.352473012,12.13782596,-4.658691741,3.836629344,4.808106812,10.65720878,-8.254677022,-1.320310798,-1.687218527,-16.00866204,27.85242783,-16.05786418,-13.02342606,23.35324318,11.78190305,27.65537313,-18.19380497,43.59958087,47.00647749,-21.81589353,12.48477792,-0.035598644,-3.588102785,-16.5650361,15.5581514,3.405362852,-0.825876139,-12.64149101,4.657637735,8.481075358,-3.359652591,-18.47770418,4.4035687,8.195216184,-15.45310473
KPL1_BREAST,-9.451256503,8.272547137,-32.66795222,-11.95772368,0.575876389,-5.236763654,2.121921735,21.7363909,5.832076586,-7.171623125,-34.0773283,4.892839765,2.321539276,-13.71572087,8.008314217,15.03559432,-2.881576043,-22.92766803,-21.64768303,-4.986758672,15.1164043,-23.84072223,-17.28958839,0.776211337,-14.11470618,-33.28717149,8.970151997,10.45302217,-24.36884463,-4.602600048,5.056354318,4.62402174,-8.279725661,5.838693708,-2.819887553,3.553868531,-9.827245977,1.497965012,1.988936188,2.217121638,-0.627173763,1.369076694,4.886111098,0.204948572,-1.122680061,0.512634482,-2.400272935,-2.327748563,-5.440444906,-3.431311226,-0.000510316,6.703893898,-2.767954181,-5.395359394,-2.783811709,-4.171071657,-3.477967326,-1.680013371,-4.214387526,6.58843052,-5.061566707,-0.988370111,-2.440710367,10.64125677
ZR751_BREAST,-27.10516635,38.6746598,-59.16137404,-24.53393086,18.34931791,10.97807615,10.01318021,45.50793877,30.00343299,-27.9891745,-39.10115707,-14.19694014,13.45825577,-23.86911492,-9.392407578,-16.00043987,-44.69480334,81.93769614,49.73661618,6.603344002,-3.632013947,19.17481415,11.92275587,-8.233505305,-14.814191,-18.10284064,-7.881682229,7.795256277,4.95806557,-7.730826209,-11.23066151,-3.130375392,-3.052413191,4.937342034,0.882888163,-4.284436722,-1.505555413,3.653746718,-0.80195868,-2.272905527,4.828810635,1.498481246,0.725467255,-2.75927209,4.282858366,-0.549263345,-0.306373965,2.263988355,4.484325832,0.692288414,-1.102868667,-3.829281123,1.295437581,0.949256369,1.31341877,-1.158221803,2.684057785,-1.209831045,0.727390914,-1.157265937,-2.333103964,-0.064110374,-1.889856371,-0.816262016
LOVO_LARGE_INTESTINE,37.53991823,-8.360540489,-40.39484081,-16.22807823,-10.40042709,14.65091444,-24.65823505,-10.08825761,-10.50797667,-10.9690988,27.88477876,-35.0250366,7.778570321,-10.23399059,12.61392033,-22.25614254,21.7877088,-23.21745397,-15.68488434,19.83528737,-11.8711354,36.24050343,49.02664497,8.429685869,-4.827135595,-47.70302356,25.14291604,15.21503594,18.8683547,13.78654707,-21.72372733,-27.70733262,19.15836407,23.33842653,0.04599226,22.37399626,-14.82149364,-12.96422982,-10.65436316,8.904767458,1.92747508,13.81483115,-6.259453769,3.90237786,-0.647214508,-3.851881649,0.826307359,-4.081593626,1.002453934,-3.916813792,0.105817024,2.611649982,-3.105548209,-0.618672529,3.407110705,0.80311956,-2.549205761,3.51459787,0.580678298,-0.461589591,4.179486069,-0.915037421,-1.273892408,-1.460404612
LNCAPCLONEFGC_PROSTATE,-0.97328077,6.549958834,-42.69710791,-15.36295211,-10.27003423,-10.74062306,36.98730041,13.53341574,-7.117480208,10.84586387,-5.006138238,7.213242586,8.2546087,7.074994527,-10.27821834,4.220127718,17.29868941,5.004684224,-8.529070667,1.244432497,14.00531257,-28.62589518,23.35453292,-10.11957825,15.64583479,5.295405506,28.23653675,-17.14795793,25.7666632,27.27673208,26.75227574,20.02379623,-3.012426618,44.19853869,49.39417502,5.406700887,21.86559164,23.63360541,1.11002938,-28.70761594,11.04502485,-0.474105179,12.49898436,-8.121343208,-2.051123093,-0.411020704,0.720581552,-3.701918823,2.459706484,-0.212631323,2.782808263,-4.036674191,-4.63230306,0.486440388,2.591786815,2.644370771,2.166229583,-0.702866685,1.565538678,1.413796638,3.904973267,1.140686423,0.874657852,-3.472341098
SW837_LARGE_INTESTINE,-38.82463397,19.05442935,-26.204238,-3.572501076,12.05475071,3.319888169,-8.589494184,3.883535188,11.28679558,-3.167328816,-0.424789699,-0.480921256,-2.367131972,20.26240204,-6.599590672,1.071990467,7.731914995,-10.9311433,-1.472745316,6.59967685,23.17828494,41.43029044,-4.438983016,22.12952941,35.39228186,-17.4170992,-18.35632614,-33.13543529,-1.704410361,-11.31234816,33.20919274,-29.19377592,-29.66121605,-29.0477676,28.41345887,14.45729942,12.11109298,-28.62971022,13.93487211,0.968383893,-20.56221757,13.26901447,17.07230365,-21.05940899,3.823924996,4.772301428,0.827484111,1.903076323,-1.140490372,-4.292475669,5.100444671,-2.781215313,3.100486618,8.016866217,1.658413519,-4.297790878,4.184965269,-1.606278387,-4.261688736,-0.784658888,-2.521075739,1.53508564,-2.933907898,2.260911702
EW8_BONE,0.201262877,-10.86826745,-1.575682535,3.398829569,-6.44583253,13.97721625,-15.04304465,-6.230701983,16.60274309,2.100118513,-2.273497923,47.19412771,11.48223503,5.535647751,-1.913747421,-16.9946218,1.788838919,-1.995035468,4.097216795,-10.04875101,3.646054445,2.145853566,-3.240161645,-4.828433379,5.26404769,-0.110053188,5.327094795,1.324323154,8.793801833,-1.411910224,-2.596903162,3.043726846,-3.768891941,-1.70259168,-4.331081236,-1.090871338,-0.851997093,0.362708603,-0.068893304,10.36893053,9.447722034,10.51551161,-9.493600652,-23.6849941,35.98424757,-32.03048976,-5.634284869,-37.15533337,-22.28565182,18.95568571,-3.066914468,9.326407748,6.029143038,-2.286464569,0.163979269,30.90000146,13.49929453,7.155737385,27.60950661,-16.64125474,-3.717284511,3.841018787,12.78759924,2.750780032
OV90_OVARY,-21.4572996,6.78744596,-23.0548675,-0.337860258,14.12316957,-0.713370895,-13.11186364,6.480398198,18.11448406,15.35152137,21.08422742,1.152524618,-33.88375041,-3.765942038,42.91517308,-12.4780242,34.20565244,-37.2798841,72.06275672,34.71551141,-20.94717542,-21.63237246,-32.65866553,-42.91349753,-2.292450659,-22.21277342,-19.88574287,-26.76276842,5.49351721,1.78191268,-9.38052553,12.52040042,9.001416773,1.104796452,-0.761751752,3.514359762,4.324188674,-3.410400938,-11.36547693,-6.789655916,1.252922412,-0.112373634,6.386771383,-1.199708028,-3.606691328,0.390843149,1.302004147,3.539662896,-5.170834118,-0.836337914,3.200180158,-2.560645817,-2.370322541,1.888473196,3.89362114,-2.434864532,1.267116981,-0.885472973,3.56214729,-0.422783391,-0.364675264,-0.662963368,-0.751827543,-0.919289821
HUH7_LIVER,2.555791636,-6.852437677,-13.30942276,-6.620312991,9.758958785,-3.29780799,-1.809013667,6.944478572,29.01575945,31.70672602,48.92648884,8.933382717,-74.33575993,-3.679319594,96.46252435,8.046900258,-17.39366382,48.42913334,-35.46955511,-17.2907141,4.20534244,-4.67506897,1.428745239,16.07559135,-7.21995628,8.815339473,6.473085077,4.759223693,-0.4491393,0.285150703,5.25163768,-5.29191261,-1.564431924,-2.334707803,9.58462584,0.960193425,-0.481461663,-1.841259073,-0.853130128,1.423920612,1.77475914,6.725588223,-1.988946232,-1.936628059,0.362170287,-1.664645402,-0.814941048,0.178683968,1.497068089,-0.047194924,-1.737127398,0.878703245,-0.582706164,-2.025314327,-1.857886866,1.21006183,0.851688207,-1.195207532,-1.643758664,1.804864354,0.58667714,-0.284026132,1.619673518,0.238529466
PANC1_PANCREAS,21.26062181,-26.20936926,21.30279262,-7.11407605,-4.757951947,-10.25879585,-20.52129455,-11.59163279,-15.02275415,2.172133237,-11.62004548,-4.468937319,1.742203917,-15.73343294,7.894713491,3.569829512,-3.045165603,2.403084391,4.732859018,12.17451048,5.855888538,7.015491101,-4.848539513,13.81905017,-9.165822117,-7.522101832,-17.93408761,-2.072768774,-8.388860805,1.769203171,0.366888958,-10.80285096,2.789063655,4.986210856,-2.356690377,2.952175469,21.51392698,14.2151936,14.21085687,-7.977993692,14.71219856,-14.05139186,-5.81037934,-28.67702776,-13.40943369,18.74423262,36.3991581,3.202552212,29.00368837,17.0151093,6.562623407,37.69940096,-26.6115015,-14.48359331,-3.511524428,6.512636806,6.077186194,16.61246181,6.566611627,-17.04282639,0.144820872,4.573574812,-2.758026324,-3.420022819
